HEL1OS Observation,SoLEXS Observation,HEL1OS Event Start (MJD),HEL1OS Event End (MJD),HEL1OS HK Start (MJD),HEL1OS HK End (MJD),SoLEXS LC Start (Unix),SoLEXS LC End (Unix),SoLEXS GTI Start (Unix),SoLEXS GTI End (Unix)
HLS_20240624_000006_5107sec_lev1_V111,AL1_SLX_L1_20240305_v1.0,60485.00007412901,60485.059100448096,60485.00007412901,60485.05919052782,1709596800.0,1709683199.0,1709596801.0,1709683199.0
HLS_20240624_012528_38058sec_lev1_V111,AL1_SLX_L1_20240310_v1.0,60485.059356099766,60485.49984659753,60485.059356099766,60485.49984659754,1710028800.0,1710115199.0,1710028801.0,1710115199.0
HLS_20240624_115954_15118sec_lev1_V111,AL1_SLX_L1_20240311_v1.0,60485.49993111122,60485.67482083678,60485.49993111122,60485.67491778991,1710115200.0,1710201599.0,1710115201.0,1710201599.0
HLS_20240624_115954_43194sec_lev1_V111,AL1_SLX_L1_20240312_v1.0,60485.49993111122,60485.99970771274,60485.49993111122,60485.99986793051,1710201600.0,1710287999.0,1710201601.0,1710287999.0
HLS_20240624_161205_28063sec_lev1_V111,AL1_SLX_L1_20240315_v1.0,60485.67506129738,60485.99970771274,60485.67506129738,60485.99986793051,1710460800.0,1710547199.0,1710460801.0,1710547199.0
HLS_20240624_235950_43200sec_lev1_V111,AL1_SLX_L1_20240316_v1.0,60485.99988999375,60486.49979936756,60485.99988999375,60486.4998960955,1710547200.0,1710633599.0,1710547201.0,1710633599.0
HLS_20240625_012549_38041sec_lev1_V111,AL1_SLX_L1_20240317_v1.0,60486.05961770823,60486.49979936756,60486.059598711414,60486.4998960955,1710633600.0,1710719999.0,1710633601.0,1710719999.0
HLS_20240625_120005_43184sec_lev1_V111,AL1_SLX_L1_20240320_v1.0,60486.50006030849,60486.99968757713,60486.50006030849,60486.99988434845,1710892800.0,1710979199.0,1710892805.0,1710979199.0
HLS_20240625_120005_4892sec_lev1_V111,AL1_SLX_L1_20240321_v1.0,60486.50006030849,60486.55663909296,60486.50006030849,60486.55668954611,1710979200.0,1711065599.0,1710979201.0,1711065599.0
HLS_20240625_161249_28020sec_lev1_V111,AL1_SLX_L1_20240322_v1.0,60486.67557113662,60486.99968757713,60486.67557113662,60486.99988434845,1711065600.0,1711151999.0,1711065601.0,1711151999.0
HLS_20240626_000006_43180sec_lev1_V111,AL1_SLX_L1_20240325_v1.0,60487.00007349857,60487.49976846944,60487.00007349857,60487.49984978367,1711324800.0,1711411199.0,1711324801.0,1711411199.0
HLS_20240626_112959_44995sec_lev1_V211,AL1_SLX_L1_20240326_v1.0,60487.47915717884,60487.99985003152,60487.47915717884,60487.99994203756,1711411200.0,1711497599.0,1711411201.0,1711497599.0
HLS_20240626_235954_43196sec_lev1_V111,AL1_SLX_L1_20240329_v1.0,60487.99993836999,60488.499704527465,60487.99993836999,60488.49989212326,1711670400.0,1711756799.0,1711717193.0,1711756799.0
HLS_20240626_235954_5147sec_lev1_V211,AL1_SLX_L1_20240331_v1.0,60487.99993836999,60488.05943287414,60487.99993836999,60488.059513638415,1711843200.0,1711929599.0,1711890018.0,1711929599.0
HLS_20240627_012556_38034sec_lev1_V111,AL1_SLX_L1_20240401_v1.0,60488.05968055094,60488.499704527465,60488.05968055094,60488.49989212326,1711929600.0,1712015999.0,1711929601.0,1711970541.0
HLS_20240627_115952_15173sec_lev1_V111,AL1_SLX_L1_20240402_v1.0,60488.49990779226,60488.67535825345,60488.49990779226,60488.67553045752,1712016000.0,1712102399.0,1712016005.0,1712102399.0
HLS_20240627_115952_43198sec_lev1_V111,AL1_SLX_L1_20240403_v1.0,60488.49990779226,60488.99982189454,60488.49990779226,60488.99989065061,1712102400.0,1712188799.0,1712102401.0,1712188799.0
HLS_20240627_161258_28012sec_lev1_V111,AL1_SLX_L1_20240404_v1.0,60488.67567474851,60488.99982189454,60488.67567474851,60488.99989065061,1712188800.0,1712275199.0,1712188801.0,1712275199.0
HLS_20240628_000007_5113sec_lev1_V111,AL1_SLX_L1_20240407_v1.0,60489.00008615068,60489.05920773012,60489.00008615068,60489.05927108465,1712448000.0,1712534399.0,1712448001.0,1712534399.0
HLS_20240628_012537_38051sec_lev1_V111,AL1_SLX_L1_20240408_v1.0,60489.059460451215,60489.499791399445,60489.059460451215,60489.49987243578,1712534400.0,1712620799.0,1712534401.0,1712620799.0
HLS_20240628_120004_15137sec_lev1_V111,AL1_SLX_L1_20240415_v1.0,60489.50006903236,60489.675154004835,60489.5000502912,60489.675254941474,1713139200.0,1713225599.0,1713139201.0,1713225599.0
HLS_20240628_120004_43191sec_lev1_V111,AL1_SLX_L1_20240416_v1.0,60489.50006903236,60489.99940039507,60489.5000502912,60489.99995394018,1713225600.0,1713311999.0,1713225601.0,1713311999.0
HLS_20240628_161235_28040sec_lev1_V111,AL1_SLX_L1_20240417_v1.0,60489.67541474304,60489.99940039507,60489.67541074309,60489.99995394018,1713312000.0,1713398399.0,1713312001.0,1713398399.0
HLS_20240629_000010_43178sec_lev1_V111,AL1_SLX_L1_20240418_v1.0,60490.00011888769,60490.499780199374,60490.00011888769,60490.499872689645,1713398400.0,1713484799.0,1713398401.0,1713484799.0
HLS_20240629_000010_5102sec_lev1_V111,AL1_SLX_L1_20240419_v1.0,60490.00011888769,60490.05908585191,60490.00011888769,60490.0591744414,1713484800.0,1713571199.0,1713484801.0,1713571199.0
HLS_20240629_012527_38061sec_lev1_V111,AL1_SLX_L1_20240420_v1.0,60490.05934469742,60490.499780199374,60490.05934469742,60490.499872689645,1713571200.0,1713657599.0,1713571201.0,1713657599.0
HLS_20240629_114950_15744sec_lev1_V111,AL1_SLX_L1_20240421_v1.0,60490.49339788149,60490.67509235508,60490.49294715084,60490.67517232348,1713657600.0,1713743999.0,1713657601.0,1713743999.0
HLS_20240629_114950_43805sec_lev1_V111,AL1_SLX_L1_20240503_v1.0,60490.49339788149,60490.99972194295,60490.49294715084,60490.999949646284,1714694400.0,1714780799.0,1714694406.0,1714780799.0
HLS_20240629_161229_28046sec_lev1_V111,AL1_SLX_L1_20240504_v1.0,60490.67534087157,60490.99972194295,60490.67534087157,60490.999949646284,1714780800.0,1714867199.0,1714780801.0,1714867199.0
HLS_20260623_000007_43181sec_lev1_V111,AL1_SLX_L1_20240510_v1.0,61214.0000867892,61214.49976999707,61214.0000867892,61214.49987271628,1715299200.0,1715385599.0,1715299201.0,1715385599.0
HLS_20260623_121027_42566sec_lev1_V111,AL1_SLX_L1_20240517_v1.0,61214.50726711752,61214.99983812656,61214.50726711752,61214.99993071444,1715904000.0,1715990399.0,1715905731.0,1715990399.0
HLS_20260624_000009_43175sec_lev1_V111,AL1_SLX_L1_20240521_v1.0,61215.00010716744,61215.499742093765,61215.00010716744,61215.49982393338,1716249600.0,1716335999.0,1716265455.0,1716335999.0
HLS_20260624_120001_43196sec_lev1_V111,AL1_SLX_L1_20240523_v1.0,61215.50001434307,61215.99988423043,61215.50001434307,61215.999976818064,1716422400.0,1716508799.0,1716422401.0,1716508799.0
HLS_20240608_115959_6551sec_lev1_V111,AL1_SLX_L1_20240528_v1.0,60469.499990200726,60469.575794025746,60469.499990200726,60469.57582221026,1716854400.0,1716940799.0,1716856419.0,1716940799.0
HLS_20240608_140923_35440sec_lev1_V111,AL1_SLX_L1_20240529_v1.0,60469.58985507918,60470.000008276314,60469.58985507918,60470.00004206303,1716940800.0,1717027199.0,1716940801.0,1717027199.0
HLS_20240609_000008_5052sec_lev1_V111,AL1_SLX_L1_20260330_v1.0,60470.00010432322,60470.05852963234,60470.00010143902,60470.05857612838,1774828800.0,1774915199.0,1774828801.0,1774915199.0
HLS_20240609_012425_38128sec_lev1_V111,AL1_SLX_L1_20260331_v1.0,60470.05863162364,60470.4999393507,60470.05863162364,60470.4999393507,1774915200.0,1775001599.0,1774915201.0,1775001599.0
HLS_20240609_120003_14731sec_lev1_V111,AL1_SLX_L1_20260401_v1.0,60470.50004236494,60470.670422063245,60470.50004236494,60470.67055108801,1775001600.0,1775087999.0,1775001601.0,1775087999.0
HLS_20240609_120003_43192sec_lev1_V111,AL1_SLX_L1_20260404_v1.0,60470.50004236494,60470.99981466522,60470.50004236494,60470.99995925694,1775260800.0,1775347199.0,1775260801.0,1775347199.0
HLS_20240609_160545_28450sec_lev1_V111,AL1_SLX_L1_20260405_v1.0,60470.670732639606,60470.99981466522,60470.67066565886,60470.99995925694,1775347200.0,1775433599.0,1775347201.0,1775433599.0
HLS_20240610_000008_5127sec_lev1_V111,AL1_SLX_L1_20260406_v1.0,60471.00009837062,60471.05937516521,60471.00009431827,60471.059444284525,1775433600.0,1775519999.0,1775433601.0,1775519999.0
HLS_20240610_000409_42937sec_lev1_V211,AL1_SLX_L1_20260407_v1.0,60471.00288753693,60471.499791617956,60471.00288753693,60471.49984923869,1775520000.0,1775606399.0,1775520001.0,1775606399.0
HLS_20240610_012547_38039sec_lev1_V111,AL1_SLX_L1_20260408_v1.0,60471.059576253465,60471.499791617956,60471.059576253465,60471.49984923869,1775606400.0,1775692799.0,1775606401.0,1775692799.0
HLS_20240610_121027_14055sec_lev1_V111,AL1_SLX_L1_20260409_v1.0,60471.50726688688,60471.66984966233,60471.50726688688,60471.669942249224,1775692800.0,1775779199.0,1775692801.0,1775779199.0
HLS_20240610_121704_42169sec_lev1_V211,AL1_SLX_L1_20260410_v1.0,60471.511859828934,60471.999843002326,60471.511859828934,60471.999930606,1775779200.0,1775865599.0,1775779201.0,1775865599.0
HLS_20240610_160454_28499sec_lev1_V111,AL1_SLX_L1_20260411_v1.0,60471.67007340887,60471.999843002326,60471.67007340887,60471.999930606,1775865600.0,1775951999.0,1775865601.0,1775951999.0
HLS_20240610_235953_30235sec_lev1_V111,AL1_SLX_L1_20260412_v1.0,60471.999927412675,60472.349826640144,60471.999927412675,60472.34987613709,1775952000.0,1776038399.0,1775952001.0,1776038399.0
HLS_20240611_082401_12950sec_lev1_V111,AL1_SLX_L1_20260413_v1.0,60472.35001456015,60472.49980623424,60472.35001456015,60472.49990732402,1776038400.0,1776124799.0,1776038401.0,1776124799.0
HLS_20240517_120002_3439sec_lev1_V111,AL1_SLX_L1_20260414_v1.0,60447.50003277856,60447.53968722075,60447.50002752966,60447.53983811327,1776124800.0,1776211199.0,1776124801.0,1776211199.0
HLS_20240517_125734_39743sec_lev1_V111,AL1_SLX_L1_20260418_v1.0,60447.5400669168,60447.999884205485,60447.53998141532,60447.99997679321,1776470400.0,1776556799.0,1776470401.0,1776556799.0
HLS_20240518_000011_43178sec_lev1_V111,AL1_SLX_L1_20260419_v1.0,60448.00013139645,60448.49969677292,60448.00013139645,60448.49988424826,1776556800.0,1776643199.0,1776556801.0,1776643199.0
