Feature 1,Feature 2,Correlation
hard_std,hard_rms,0.99999943125622
hard_average_peak_height,hard_peak_prominence_mean,0.9999764266395237
hard_rms,hard_num_peaks,0.9999601791282716
hard_std,hard_num_peaks,0.9999500925469311
hard_mean,hard_std,0.9999280196190639
hard_mean,hard_rms,0.9999146545247135
hard_mean,hard_num_peaks,0.9997582468540552
hard_skewness,hard_kurtosis,0.9994592430067059
hard_integrated_flux,hard_peak_prominence_mean,0.9992060524353319
hard_skewness,hard_burst_factor,0.9991447569096961
hard_mean,hard_burst_factor,0.9990569573718936
hard_integrated_flux,hard_average_peak_height,0.9989089407630799
hard_std,hard_burst_factor,0.9984640991215912
hard_rms,hard_burst_factor,0.9984044427417325
hard_num_peaks,hard_burst_factor,0.9978607626789158
hard_median,hard_kurtosis,0.9975488230655899
hard_integrated_flux,hard_decay_rate,0.9975369034376188
hard_kurtosis,hard_burst_factor,0.9972448213757248
hard_mean,hard_skewness,0.9964071872300613
hard_num_peaks,hard_average_peak_height,0.9953274773824018
hard_std,hard_skewness,0.9953193194702042
hard_rms,hard_skewness,0.9952156829865064
hard_median,hard_skewness,0.9947085146718605
hard_num_peaks,hard_peak_prominence_mean,0.9946410256850775
hard_max,hard_rise_rate,0.9945357776367825
hard_rms,hard_average_peak_height,0.9944261569384213
hard_std,hard_average_peak_height,0.9943131413245443
hard_skewness,hard_num_peaks,0.9943041440429607
hard_decay_rate,hard_peak_prominence_mean,0.993950355459702
hard_rms,hard_peak_prominence_mean,0.993678763366079
hard_std,hard_peak_prominence_mean,0.9935584685209536
hard_decay_rate,hard_average_peak_height,0.9931727963269387
hard_mean,hard_kurtosis,0.9930835397625497
hard_mean,hard_average_peak_height,0.9929638165887797
hard_mean,hard_peak_prominence_mean,0.9921273137589857
hard_std,hard_kurtosis,0.9916033558305404
hard_rms,hard_kurtosis,0.9914648717616649
hard_kurtosis,hard_num_peaks,0.9902619148276568
hard_integrated_flux,hard_num_peaks,0.9897322749258385
hard_median,hard_burst_factor,0.989609690283417
hard_rms,hard_integrated_flux,0.9884173040926486
hard_std,hard_integrated_flux,0.9882548847971581
hard_average_peak_height,hard_burst_factor,0.9868858301916451
hard_mean,hard_integrated_flux,0.9863502582434259
hard_peak_prominence_mean,hard_burst_factor,0.9857542080160234
hard_mean,hard_median,0.9824336890674903
hard_median,hard_std,0.9801239742667252
hard_median,hard_rms,0.9799118321408354
hard_skewness,hard_average_peak_height,0.9793672256234917
hard_integrated_flux,hard_burst_factor,0.9782707079308449
hard_median,hard_num_peaks,0.9780930606069757
hard_skewness,hard_peak_prominence_mean,0.9779565357780032
hard_decay_rate,hard_num_peaks,0.9772685873622223
hard_rms,hard_decay_rate,0.9753377110138539
hard_std,hard_decay_rate,0.9751017540329525
hard_mean,hard_decay_rate,0.9723708814163334
hard_kurtosis,hard_average_peak_height,0.9721925591287668
hard_kurtosis,hard_peak_prominence_mean,0.9705616697488453
hard_skewness,hard_integrated_flux,0.9688610539297778
hard_signal_energy,hard_decay_rate,0.9665515453040237
hard_decay_rate,hard_burst_factor,0.9613181404284199
hard_kurtosis,hard_integrated_flux,0.9601954028572193
hard_median,hard_average_peak_height,0.9534228545342655
hard_median,hard_peak_prominence_mean,0.9513292472732222
hard_skewness,hard_decay_rate,0.9491067434542276
hard_signal_energy,hard_integrated_flux,0.9461809325419231
hard_median,hard_integrated_flux,0.9382960443910229
hard_kurtosis,hard_decay_rate,0.9382371915972789
hard_signal_energy,hard_peak_prominence_mean,0.9325358120440584
hard_signal_energy,hard_average_peak_height,0.9300345602647803
hard_median,hard_decay_rate,0.9117269479038932
