solexs_observation_id,hel1os_observation_id,soft_mean,soft_median,soft_max,soft_std,soft_rms,soft_skewness,soft_kurtosis,soft_signal_energy,soft_integrated_flux,soft_rise_rate,soft_decay_rate,soft_num_peaks,soft_average_peak_height,hard_mean,hard_median,hard_max,hard_std,hard_rms,hard_skewness,hard_kurtosis,hard_signal_energy,hard_integrated_flux,hard_rise_rate,hard_decay_rate,hard_num_peaks,hard_average_peak_height,hard_peak_prominence_mean,hard_burst_factor,trend_slope,trend_r2,autocorr_lag1,autocorr_lag5,autocorr_lag10,zero_crossing_rate,peak_density,longest_rising_streak,longest_falling_streak,energy_growth,rolling_std,mean_absolute_gradient,duration,signal_energy_density,coefficient_of_variation,dominant_frequency,spectral_centroid,spectral_bandwidth,spectral_entropy,spectral_energy,low_high_frequency_ratio,peak_frequency_magnitude,spectrum_std,spectrum_dynamic_range,spectral_rolloff,spectral_flatness,wavelet_total_energy,wavelet_entropy,dominant_wavelet_scale,wavelet_energy_level_0,wavelet_energy_level_1,wavelet_energy_level_2,wavelet_energy_level_3,wavelet_energy_level_4,wavelet_std,wavelet_rms,detail_std,detail_energy,shannon_entropy,energy_entropy,histogram_entropy,approximate_entropy,entropy_ratio,pearson_correlation,spearman_correlation,maximum_cross_correlation,lag_at_maximum_correlation,covariance,mean_difference,std_difference,rms_difference
AL1_SLX_L1_20240305_v1.0,HLS_20231223_205457_11097sec_lev1_V211,10.883278145695364,11.0,25.0,3.356759294672478,11.389186808501316,0.3090174440656779,0.1783985451032275,313388.0,26299.5,7.0,8.5,336,15.386904761904763,45.114759086204366,52.97073865585168,89.45112096287703,26.610887588325053,52.37824763816304,-0.14984363533087122,-1.256096767290392,6636480.117234606,109086.06510856548,27.5476643356643,16.507188811188854,332,76.95092420987459,64.51512278498207,1.9827462846904633,-0.0006153032613779076,0.016381496545039825,-0.008580889614904084,0.059708149472731335,-0.0002825006118990136,0.5041390728476821,0.13901530823334712,5,6,0.8282094062467186,3.178883182673236,0.4775404645023863,2417.0,129.71357615894038,0.30843273963370754,0.000827129576098661,0.2525867993960928,0.14744333185351613,6.604316405396711,0.0010722880089336522,0.30283599600273864,0.005002377011066976,0.0004503083674123346,0.00497872498591497,0.4301073795713037,0.8430786305206267,324187.3194872489,0.5129167120630822,0.0,299320.784337115,1601.2194017717543,3022.288476456637,6350.593062809496,13892.434209096033,4.0410208527987,43.66350662812627,3.2984933723994816,24866.53515013392,2.617704572767118,10.991692513397028,2.617704572767118,0.0840325660755243,1.0,0.026310805502286393,0.019201929509395328,16405.058621078828,-158.0,2.3502284149913293,-34.237581484536314,26.722850500352465,43.43181696377037
AL1_SLX_L1_20240310_v1.0,HLS_20231223_205457_11097sec_lev1_V311,8.348779478692594,8.0,22.0,3.093293484940081,8.903402909439253,0.4411022025308714,0.2701623809051492,191597.0,20179.5,8.5,8.0,323,12.458204334365325,45.114759086204366,52.97073865585168,89.45112096287703,26.610887588325053,52.37824763816304,-0.14984363533087122,-1.256096767290392,6636480.117234606,109086.06510856548,27.5476643356643,16.507188811188854,332,76.95092420987459,64.51512278498207,1.9827462846904633,0.00018419406957803538,0.0017261740250574208,0.10739216959009826,0.09591205366749454,0.08758714617167777,0.47165908150599917,0.1336367397600331,5,6,1.158912413940753,2.8177497491953383,0.4526696582964695,2417.0,79.27058336781134,0.3705084668764645,0.000413564858900948,0.2459165125152573,0.14842177246074265,6.169380127341165,0.001215491979990661,0.513833888770813,0.009201558238367128,0.000566767947405054,0.009158347863302913,0.41397842375984895,0.8343629518716497,197159.6323513558,0.6324960635091699,0.0,177565.83251087918,1421.7192636206778,2699.445971680094,5201.585279070052,10271.049326105802,4.877603229857953,33.630232882981375,2.927663872733603,19593.799840476626,2.5289599142879835,10.895334107875133,2.5289599142879835,0.09358186240169315,1.0,0.008668741101498446,0.011290671910892797,16024.761518350284,218.0,0.7137469342081948,-36.79191559271933,26.75903939932868,45.49385939395127
AL1_SLX_L1_20240311_v1.0,HLS_20231225_000007_43183sec_lev1_V111,7.475310046649221,7.0,30.0,4.416581107233175,8.682537012319832,1.0583894550403592,1.2046517226197109,1325143.0,131399.0,8.0,8.0,2236,11.453488372093023,28.924611322364438,11.690738655851678,89.45112096287703,26.438678720622267,39.18720291934777,0.8537006298209067,-0.8224008283473854,26996496.221048787,508458.707926204,16.910526806526846,15.67405128205132,1759,71.59632906404454,61.06518248006699,3.092560863340405,-0.0003456081291324525,0.15768930699574385,0.620878742090143,0.6145265893072803,0.6103744586677808,0.2676641256115599,0.1272044601206053,6,6,0.7805629196468282,2.567026434438571,0.4081191939878945,17578.0,75.38644897030379,0.5908224648438349,0.000113772114086536,0.23287970281600756,0.152771550513707,5.8005857079191365,0.00030218581702918374,1.9903726462059246,0.007565634041152145,0.00014640950186333722,0.007564613269495329,0.3208942477810748,0.8045770845317154,1344784.3706953924,0.5947124779578178,0.0,1221504.2433834684,9294.823843009948,16214.85017701375,33334.11957523817,64436.33371666215,14.27499020497095,33.2480631679415,2.733490981711649,123280.127311924,2.789202675279077,13.3230343723904,2.789202675279078,0.07291265237591096,0.9999999999999997,-0.05456700219385867,-0.052493186764962646,232995.57594695847,10702.0,-6.371992223099165,-21.44850183112687,27.041364638784753,34.51483206286206
AL1_SLX_L1_20240312_v1.0,HLS_20240122_205333_11178sec_lev1_V111,26.265349800014032,16.0,209.0,28.15583742229838,38.50480205205573,2.5021552918119303,7.277682342343168,126772887.0,2246193.5,29.0,38.0,3410,60.11818181818182,10.443893175416937,9.62673865585168,89.09073865585168,4.292415835428129,11.291578205182597,8.962643956111195,122.95049553297018,11015977.394628402,902312.9016173676,14.437776223776257,25.267160839160844,11062,15.27850263586624,7.520996203218224,8.530414583859915,6.468901484790972e-05,0.0032837975467652834,0.9661698268896306,0.9659093251866433,0.966015176502061,0.06879049423432274,0.03946850621542165,8,7,0.5812522634018649,4.5162735308849955,0.7172738057891027,86398.0,1482.6197810679953,1.071976487527432,3.472261990720647e-05,0.19755421236707502,0.16191828860437854,3.733825257091875,0.0007354081186159621,47.70792352860948,0.008381808762261621,0.00012904977768222906,0.008381754647293203,0.0002546325459861808,0.689815339283268,126782334.0618759,0.15204635722257592,0.0,124629174.41303079,147197.47437272113,285185.9275827768,572352.5785374892,1148423.668352134,110.78099651288274,152.62756234534572,5.182037023162348,2153159.6488451213,2.967944180367601,14.423394670091714,2.2944154320977996,0.24683763426534122,1.2935513503123492,-0.015107818210207262,0.0037072947817438887,1964775.8105876166,40469.0,-1.8297871150446612,15.820341613481018,28.546699832237227,32.63736018857978
AL1_SLX_L1_20240315_v1.0,HLS_20240123_000005_43182sec_lev1_V111,61.978888155838746,29.0,307.0,67.44381899806321,91.5972232006925,1.47940918907545,0.8748147187939237,724875262.0,5354841.0,41.0,44.5,1502,194.90545938748335,10.98975992835311,9.28273865585168,89.26273865585168,8.37902321682003,13.81965460316736,6.212004304728727,42.48701339303674,16500918.529512992,949506.0610710528,24.36025174825179,16.064358974359013,7576,22.270718109245756,14.78698041184409,8.122355650878017,-0.001541350044129529,0.3249110536462202,0.9861431390472329,0.9864209818864551,0.9862789089123526,0.02750095489426716,0.01738466168198338,7,7,0.024963219581981867,6.723034266740985,1.0550733801541148,86398.0,8390.05129807748,1.0881740703138063,1.1574208031714096e-05,0.224836746491377,0.15659186105743336,1.4226865313649573,0.0013364401817934231,69.1326794967386,0.028604357421132345,0.00017435873903777317,0.028604202578255723,3.472262409514229e-05,0.7637031005221556,724904022.1717666,0.0714351536171027,0.0,719841373.6234145,337635.0150808648,638526.6113600201,1368382.2519429934,2718104.66996826,267.94962377535734,364.90547674646666,7.90486363701291,5062648.548352139,3.214849937112352,14.670525773612091,2.5514433186800822,0.31237998912171977,1.2600122893482362,0.18335400709147817,-0.020246690863676597,11324450.607614137,5043.0,103.61859577504667,50.98903909170757,66.42020875948674,83.73485677511775
AL1_SLX_L1_20240316_v1.0,HLS_20240123_120000_31841sec_lev1_V111,86.57811396756682,22.0,2802.0,230.60265971804057,246.3196226190991,6.64528363061464,56.145336594065,5241753287.0,7480554.5,115.0,122.5,66,1791.469696969697,10.577095662956138,9.11073865585168,89.26273865585168,7.740170906687801,13.106685253261475,6.8855768442201315,52.22845122449642,14842241.135544542,913852.6425407545,15.978759906759944,13.833170163170198,7789,21.497304172334978,14.034928282332533,8.439248495073562,0.002595577346812381,0.07880451134668483,0.9983175411924223,0.998286801838538,0.9980542010276311,0.01243156274235181,0.0007639065719113868,8,8,403.1189139251731,6.8459841393215655,1.0802514167225457,86398.0,60673.3564872154,2.6635214045483484,1.1574208025511421e-05,0.10446716686336915,0.15439404051519945,4.026730744057015,0.0038046943143585955,934.410336155713,0.019015639775122342,0.000295874691322165,0.019015594414485703,0.0005324135691735254,0.3650797921296279,5241801168.088341,0.01729964000022396,0.0,5234595748.37973,469036.1070465459,942179.2013035406,1968301.737907099,3825902.6623535324,921.1904969721297,984.019156898444,9.43082299123816,7205419.708610718,1.1944318205514393,11.762126862788387,0.7819725118785388,0.6761887434153693,1.5274601119699798,-0.028589451261354943,-0.07309909978099075,36698028.45078847,59329.0,-50.998630901029635,76.00223339727965,230.95328385599126,243.13732499400552
AL1_SLX_L1_20240317_v1.0,HLS_20240123_205056_11333sec_lev1_V111,52.04943057911316,48.0,139.0,16.788807152174062,54.69010211366231,1.4305899451164994,2.3084678701833443,24687774.0,429635.5,23.5,19.5,985,63.17766497461929,18.72980155886675,9.28273865585168,89.26273865585168,20.880654040223035,28.050083414885062,1.9748641274472216,2.5106997497210974,6496666.881808656,154617.66273290687,17.567655011655063,16.55028904428908,698,64.26844424727544,57.08150550759003,4.765813368353302,-0.000875626129585313,0.015443521565003315,0.8194394494797006,0.8197752836089214,0.8194745994447036,0.2303125757208626,0.11932162325863113,7,6,0.6366478562255868,6.810192281725882,1.0710545276816201,8255.0,2991.0072692028107,0.322555059015597,0.00012112402745243133,0.2242236480282144,0.1566738529164597,3.46918979516198,0.0013873129733785472,5.953062267171528,0.01951731956472625,0.0005266780379507503,0.019515628500867875,0.07812499770681822,0.7672667835324765,24880895.777730253,0.14388327426407185,0.0,24486099.96965569,28535.11967805623,52245.9120968934,106973.47288107763,207041.30341853458,60.97325575875659,216.58309603882262,7.133368317555819,394795.8080745618,3.3990314077457007,12.713545530260651,2.7182515299141152,0.15708322648455336,1.2504477125606897,-0.0882263995757217,-0.06045318748487059,365939.7575909301,-1958.0,-30.904366392840704,33.33340789246485,27.908315550411345,43.474017051415544
AL1_SLX_L1_20240320_v1.0,HLS_20240124_000005_43180sec_lev1_V111,129.51882075144107,46.0,5699.0,448.36262056001743,466.69493723875996,8.524679224864947,81.59211069188594,18816972983.0,11189611.5,171.0,167.5,18,3875.1666666666665,10.191681572103935,9.11073865585168,89.26273865585168,6.001370415855226,11.827375876984092,8.495336930007284,84.35461472680274,12086221.259704197,880525.087091124,17.102974358974397,12.96234498834502,9170,17.734485668417143,10.17232937647841,8.758391637762344,-0.0010660417066672536,0.003516335745027809,0.9993617119144822,0.9992530163005108,0.99896755489965,0.012778665185082297,0.00020834780193068963,9,7,0.03836920262499032,8.734894166623281,1.3834651637276856,86394.0,217804.1644442901,3.461756507345507,3.4724231721720786e-05,0.07310423991981774,0.1367154834539516,4.120271278293022,0.004761172304844533,2377.826228072722,0.01496470283674352,0.00033118203174280897,0.014964667552780605,0.0005092887319185715,0.2633223612298129,18818174695.74045,0.007723576593078232,0.0,18807725037.272133,751276.0525490995,1358500.9363505985,2821590.948248667,5518290.531171531,1791.85732435049,1865.2202113389449,11.357018058844965,10449658.468319897,0.7965573410952359,10.761411981294277,0.4550103733306312,0.7933570859961959,1.7506355630191779,0.0011161553115844464,0.01575526390954631,51605421.476544686,27201.0,2.997768120781941,119.32924810290245,448.39594797191836,464.00258146958555
AL1_SLX_L1_20240321_v1.0,HLS_20240124_120000_32129sec_lev1_V211,46.54089590134204,41.0,530.0,32.99173426661836,57.0483086622094,7.545778804977776,82.35037753069466,179453655.0,2624932.5,46.5,34.0,3656,65.75574398249454,13.580134680611973,9.11073865585168,89.26273865585168,14.725218436157009,20.031278439882424,3.4158066756065173,10.92343531442643,22452864.65143626,759869.6315843484,16.497165501165544,17.503706293706337,3005,50.50028075320732,43.07688690559455,6.57303780523546,5.432969085924812e-05,0.0007177006514427223,0.9577188170211127,0.9568205452121313,0.9558411867704746,0.15533188248095756,0.06533821821106246,8,7,1.8821156170417206,6.400509850946661,1.01331972888406,55955.0,3254.509521218716,0.7088762179515117,7.148471910251473e-05,0.19078964691178546,0.1611653065081336,4.7076381354615275,0.00048155161116749263,20.836285975333848,0.00767383909532727,0.00012708407262564673,0.007673577438373139,0.0013224673033965224,0.6800185606376317,179856619.83521008,0.12397811540904824,0.0,177461112.68373406,157416.32982970774,320598.28863771446,655059.87286192,1262432.6601466825,129.24947136057423,226.73376859285196,6.806108295109828,2395507.1514760247,2.1794868341653912,14.13328991126767,1.5346770337552318,0.23138264470190026,1.4201599334762713,-0.0017197601020771842,0.017103799370863555,3987017.581411015,-2841.0,-0.8158529291194668,33.17743477783676,36.01172086034285,48.96515309647121
AL1_SLX_L1_20240322_v1.0,HLS_20240124_205533_11058sec_lev1_V111,70.53989844510511,61.0,325.0,36.898389753594486,79.60759033568287,2.7579917149439392,10.854504526760932,240877037.0,2681191.0,34.5,36.0,2946,92.1673455532926,11.366475055878619,8.93873865585168,89.26273865585168,10.71178129965725,15.618547109369604,5.053280472323732,26.154726600835442,9272365.853840593,432041.6286103463,14.360596736596765,15.078265734265766,2194,34.348873282655894,27.133502104691424,7.853159243919332,2.967260627819268e-06,7.786058705768334e-07,0.9491537275077285,0.9493546798230484,0.9491591935471307,0.10323870662211582,0.07750795864137441,7,7,1.3629267786120596,7.843907573715729,1.2391064885605683,38009.0,6337.368439053908,0.5230853824138859,5.261773213932161e-05,0.19045664875036486,0.1643096432105691,3.4943105684624354,0.0013242727604159481,41.50045077201721,0.015746948939322745,0.00025867277339503724,0.015746795341995835,0.0005787950535325377,0.6644816541132283,241510013.6636715,0.09876422144444524,0.0,239048033.48624864,160974.9923864426,328443.67201691266,657559.8737392044,1315001.6392802869,143.85582422213582,316.7901788511777,8.30974277065509,2461980.1774228467,3.0615910377320006,14.43971351159314,2.387224882308105,0.18471682805010886,1.28248958044199,-0.03838614043060314,-0.0020367774405093387,3841718.3274309556,-17615.0,-15.172801510757731,59.17330921961403,38.81473859249556,70.76767945894385
AL1_SLX_L1_20240325_v1.0,HLS_20240125_000007_43185sec_lev1_V111,133.7188979767542,129.5,278.0,58.33659009968994,145.89003194384748,0.4773873263213726,-0.8408054714449955,98885006.0,621139.0,38.0,34.0,282,180.31560283687944,27.239121953596268,10.986351958285049,89.26273865585168,25.99733697886379,37.654100637188094,0.9869425389526224,-0.5801473500130148,20504676.18533236,393903.2131476023,16.640201749791387,40.41879720279726,1304,72.2238343441196,62.5208443324434,3.277004993329702,0.03905448138347458,0.8061889008048987,0.9598773927681762,0.9600880470850476,0.9599384871783553,0.08760223848471804,0.06071044133476857,6,6,3.9625743576870414,10.983272630938357,1.7143001925610661,4645.0,21283.90142057684,0.43626286921562296,0.00021523891519586742,0.20802813625028221,0.16232869211212372,2.541381099521342,0.0033017766704493655,9.855273370584992,0.04236912972967015,0.001111565717360524,0.04235805352382885,0.0017219113215669393,0.7294581228813146,99496602.70517308,0.062375927068392324,0.0,98903423.8837676,39194.13322866619,74058.38787942604,166259.80099230155,313666.4993050841,229.1050594795763,578.042549295908,11.643758971596156,593178.8214054778,3.940037480313931,11.723247420119979,3.2628996984817205,0.12936462343147184,1.207526385854672,0.007724549650467233,-0.008041846626712465,791109.8181626414,2875.0,12.475049869391828,94.13483058606688,64.37611597540854,114.0423195026599
AL1_SLX_L1_20240326_v1.0,HLS_20240125_120006_32106sec_lev1_V111,64.52271594872492,49.0,1887.0,81.91024485419226,104.27113256061607,13.395254236859632,234.65604678890293,240031500.0,1424462.0,89.0,100.5,116,193.08620689655172,18.933638941582675,9.62673865585168,89.27912096287703,20.889961582071574,28.19349532198238,1.9565953636223274,2.448077025095211,17550004.90745331,417996.61164589686,15.898172494172535,18.279510489510532,1266,66.81499146879267,57.51644160822936,4.715370417611552,-0.003938833636017912,0.09392396610682965,0.9901292264642153,0.9802666433872648,0.9512316289734801,0.10431670969787561,0.005254337092902115,25,9,0.1019047371457634,8.212756576011408,1.3081792661898688,22077.0,10872.469085473569,1.2694791849630895,4.529395769310044e-05,0.16396394260139358,0.16562103053842472,4.278409184329038,0.0011904820805663408,29.73088763102724,0.015996411831158637,0.00031565348050782845,0.015996085817671098,0.003261164953903232,0.6036665980251809,240780405.9726038,0.06780394155738481,0.0,239232584.26469007,326933.65356312867,170691.59729831252,351523.26384203765,698673.1932102087,325.30896475723904,415.4593628183821,8.643636443705274,1547821.7079136875,1.4149548492642825,10.4825796716855,0.7587696153405419,0.3969053728103163,1.8648016745230889,-0.05659104957569355,-0.01682723933272274,6153719.071389851,-16876.0,-96.83331613533726,45.59060082949281,85.66971125771344,97.0453621301613
AL1_SLX_L1_20240331_v1.0,HLS_20240126_000011_43179sec_lev1_V211,123.16365652724969,128.0,266.0,59.653737787365,136.84975236063102,0.09430011399687653,-1.1077342734454003,118210219.0,777510.5,30.0,31.5,355,176.58591549295775,14.59908681439431,9.45473865585168,89.26273865585168,15.70734966160112,21.444210622124157,3.1030073745880085,8.771933585332627,24432511.864085183,775624.5267969281,24.943608391608425,17.00775291375295,2511,46.414877191533485,37.498691027030574,6.114268638216536,0.02042193410636304,0.38928960453155,0.9660519885144884,0.9655447287995548,0.9647556694859035,0.06844106463878327,0.05624207858048162,6,7,2.591347817791615,10.355237575486315,1.6469751994942152,6312.0,18727.854721166033,0.48434529689500366,0.00015840329081267938,0.20236005412191344,0.1621352666010713,1.8581040391921217,0.006167754475172206,27.873158211459494,0.05400775344995956,0.0013613747338386934,0.05400596553478696,0.0006336131632507175,0.6955676247255734,118656456.31868589,0.06438798418653968,0.0,117924890.62261252,45306.84733336051,106444.0811556759,206533.09464231902,373281.6729420164,236.15954440463017,542.2886998376439,11.099477175590708,731565.6960733719,3.9192441310174218,12.11797026399627,3.2405410002140593,0.13343371149444552,1.2094413033991946,0.4452684606160239,0.4094894514371337,4663863.218940004,35.0,735.0874059241133,90.42751940618982,53.425279007210634,105.03045607325113
AL1_SLX_L1_20240401_v1.0,HLS_20240126_115949_32052sec_lev1_V211,651.0689612632618,67.0,3329.0,953.240889023143,1154.3651869430466,1.377288277455845,0.3880037384474617,10801723131.0,5277407.0,120.5,115.0,1,3329.0,34.13275619048907,22.18273865585168,89.26273865585168,27.465863599087495,43.81117104578522,0.4723571166841911,-1.3045079028589,15560727.469023522,276695.94169763906,15.697906759906797,16.839361305361344,957,72.2583682884217,61.976083855049836,2.615163515002762,0.2329277898418118,0.32694088344833355,0.9992626982828562,0.9992522004859429,0.999088666227593,0.005674808783617074,0.00012338062924120913,7,7,1368.9955584980396,19.54674164311365,3.047446221021358,8105.0,1332558.984826055,1.4641166231816372,0.0001233654083395016,0.08347141596216508,0.1444204849879645,1.5439352036582743,0.059281612577347695,2156.284586757577,0.1645403934741375,0.0038160380861988587,0.16453863869492596,0.0004934616333580064,0.29205592038828954,10803374615.424337,0.0065285546675190615,0.0,10798389126.75526,298685.2431931813,647444.0157087172,1385370.711246588,2653988.698928544,3796.344935613114,4587.972479773222,25.58023412325283,4985488.669077029,2.5298482950603574,10.976159557491355,2.0169974146774887,0.3958270955134973,1.2542645204455414,-0.025826769748711027,-0.10874178798107532,29753237.667729065,5233.0,-676.3085909692941,616.9354098571874,954.3453800494098,1136.3909557706397
AL1_SLX_L1_20240402_v1.0,HLS_20240126_205416_11140sec_lev1_V211,11.601012658227848,11.0,28.0,3.525071000249753,12.124752379045296,0.27273800151990096,0.21884507841207723,290344.0,22903.0,9.0,8.5,273,16.34065934065934,41.68342910294462,45.40273865585168,89.26273865585168,27.076274819123615,49.70546167033274,0.018103408802731927,-1.384674533531773,4881970.649645173,82353.90516876269,20.813202797202827,26.629930069929948,268,75.02769084648598,63.54706257091265,2.141444228002488,-0.0011299582524439712,0.033399648907721374,0.038638378661216805,0.05385193205708872,0.05774315472306675,0.4830379746835443,0.13829787234042554,5,6,0.8036477487327304,3.32190844034924,0.5305632763860625,1974.0,147.00962025316457,0.3038589047439448,0.0005063291139240507,0.24684310708895393,0.14476303165971005,6.41111782429406,0.001322696558365053,0.26785819277422723,0.005005407784109972,0.0005606448800763895,0.004963558871878806,0.4207594936708861,0.8385021809314187,300913.250066225,0.5020601165453733,0.0,278572.3516347046,1353.5300908864192,2736.4857597554014,6528.944490824966,11721.938090053625,4.6032369473179635,46.29108168258635,3.453355996697991,22340.898431520414,2.6654249351368176,10.70836209815155,2.665424935136817,0.08132637619001402,1.0000000000000002,0.007921799362651846,0.005475748253463919,12382.276300740112,-103.0,0.7565021055403941,-30.09551249051276,27.277662128306048,40.61786212065613
AL1_SLX_L1_20240403_v1.0,HLS_20240127_000011_43179sec_lev1_V311,3.2035398230088497,3.0,18.0,1.8825524713265558,3.715732929705968,0.8058714515845337,1.4339581007284234,141974.0,32942.5,5.0,5.0,1445,5.635294117647059,34.30981867268918,22.35473865585168,89.26273865585168,27.639047966971066,44.057696601993825,0.4631518017250057,-1.320787014374702,19964014.278247286,352865.3963099523,17.51513286713287,24.70665734265736,1184,73.8317636558421,64.05673890359799,2.6016674558209,-1.8886115870825896e-05,0.0008870742434163436,0.10174866458638161,0.10775194981945008,0.09124939064264247,0.4639696586599241,0.14052319362053875,5,6,0.9405429047866378,1.7166004829974526,0.2751670083188129,10283.0,13.806671204901294,0.5876475946406099,9.723842770739487e-05,0.24702998462718573,0.14529983765083668,8.106215329482946,0.0002475241488964927,0.29055639085130786,0.001599693956953423,0.00010157002788455968,0.001596404926239251,0.42240372996092335,0.8484590561736398,142566.10229765662,1.115474194355912,0.0,111533.67122361912,2096.4108223241305,4207.104953897442,8423.553377110651,16305.361920705243,2.926941168312536,13.10933465886734,1.792231216273991,31032.431074037464,1.9972881083174587,12.599375039499634,1.9972881083174587,0.15478770878490375,1.0,-0.013138494885424746,-0.010367224431985872,36314.20664747537,-755.0,-0.6837349015215866,-31.106964851823058,27.729639365311694,41.67224689913899
AL1_SLX_L1_20240404_v1.0,HLS_20240127_120006_32070sec_lev1_V211,2.95666050730724,3.0,12.0,1.7864684660503762,3.4544624669639545,0.6006543179908682,0.32205622144148194,71039.0,17602.5,5.5,5.5,825,5.392727272727273,44.00261665552661,51.93873865585168,89.26273865585168,27.057431328863352,51.65592766226722,-0.11690998717549406,-1.3332476352913523,15889934.107077079,261979.17144500508,40.16861538461525,16.087212121212165,810,76.23356136072324,64.91181917730697,2.0285779674114113,-5.18139459902219e-05,0.0024842409800331575,0.03342185525115643,0.0590708613588168,0.0623466960829726,0.48731731899882413,0.1385855870989417,5,6,0.8829750576510191,1.6668132752836775,0.25973290386191505,5953.0,11.933310935662691,0.6042183272767394,0.00016795431168657534,0.24903088330057369,0.145079283272028,7.518197150978872,0.0004346916605311354,0.2855533690271794,0.0022583795668174632,0.00018215946798536662,0.002254538390125419,0.4242525913202893,0.846150298190265,72697.34898229592,1.1600938364468694,0.0,55752.874203588406,1017.7590923480459,2164.645653164308,4653.669985385566,9108.400047809606,2.453752692011689,12.14472627110094,1.7392797135006577,16944.474778707525,1.9556047357894888,11.806163098978553,1.9556047357894888,0.16338193221752167,1.0,0.0184244103419021,0.021517352315357757,14470.356336673409,1765.0,0.8908366454309894,-41.04594804407009,27.08656343532043,49.177756857873646
AL1_SLX_L1_20240407_v1.0,HLS_20240127_120006_32070sec_lev1_V311,3.8706534520409877,4.0,17.0,2.145489455941335,4.425503717245332,0.7255139370457218,0.8943010743289501,116590.0,23043.5,7.0,6.5,794,6.671284634760705,44.00261665552661,51.93873865585168,89.26273865585168,27.057431328863352,51.65592766226722,-0.11690998717549406,-1.3332476352913523,15889934.107077079,261979.17144500508,40.16861538461525,16.087212121212165,810,76.23356136072324,64.91181917730697,2.0285779674114113,-0.00031958922887044317,0.06552734825426583,0.15737395040971905,0.14100896181308692,0.12077530095704957,0.4597681841088527,0.13337812867461785,6,6,0.5453641725760487,1.8960793082606389,0.3039248393691539,5953.0,19.585083151352258,0.5542964469759034,0.00016795431168657534,0.24593434376117274,0.1466119476855056,7.126559762989049,0.0004760064316423617,0.45491913321586863,0.006220037203360057,0.00021693330785582822,0.006217438165142819,0.41215988087885586,0.8345078197496244,117870.55011758328,1.0130904849556062,0.0,95742.47603604499,1870.0160432850444,3014.847971899143,5666.435752432577,11576.774313921534,3.7603472482462874,15.914992103055868,1.9875090738998291,22128.0740815383,2.134544952116513,11.87251334554905,2.134544952116513,0.13927254962916907,1.0,-0.061940591171746606,-0.04869974162211512,16037.034782484503,1898.0,-3.596754968896954,-40.13195509933634,27.277596113214823,48.52464394316377
AL1_SLX_L1_20240408_v1.0,HLS_20240127_205450_11102sec_lev1_V211,6.799356536999123,7.0,17.0,2.567506736253718,7.267966714146462,0.30331660995831294,-0.09290561110491469,180603.0,23255.0,6.0,6.5,475,10.347368421052632,29.205729346780704,11.174738655851678,89.26273865585168,26.7881070229963,39.63050976902658,0.827953204892167,-0.8774356639450098,5374515.536180063,99904.85908602772,14.473258741258777,14.588526806526843,384,71.91417920915411,63.33447815964175,3.05634341796333,2.4359709468716016e-05,8.781259628831766e-05,-0.017783612633468927,-0.0012628011927528254,0.01156673771627887,0.5165252997952617,0.1388888888888889,5,6,1.0187677449643424,2.464475280234608,0.3802957466309333,3420.0,52.82334015794092,0.37761025212936983,0.0666471677878522,0.25563357527550173,0.14581714494245043,7.013736479796858,0.0007470297223368811,0.2247125506829005,0.0018089395611179926,0.0003080161011013753,0.0017879195242327822,0.4381758969911861,0.8451552920427782,185241.3618181143,0.6969492383452808,0.0,164167.5386510735,1629.9500331558606,2430.4459378719303,5617.303014975776,11396.124181037245,2.6588255661000066,27.31695599399038,2.555865635216684,21073.82316704081,2.349778433150037,11.390115996588221,2.349778433150037,0.10909702155742781,1.0,0.0047956364891987135,0.025410414862669477,11468.923015220837,702.0,0.32993605190206293,-22.404636913926886,26.898783124789517,35.00731764701998
AL1_SLX_L1_20240415_v1.0,HLS_20240127_205450_11102sec_lev1_V311,77.04209295527623,65.0,217.0,35.20424366299876,84.70432609266904,1.656145523388336,2.1528032683716383,24545069.0,263488.5,26.5,25.5,298,99.43959731543625,29.205729346780704,11.174738655851678,89.26273865585168,26.7881070229963,39.63050976902658,0.827953204892167,-0.8774356639450098,5374515.536180063,99904.85908602772,14.473258741258777,14.588526806526843,384,71.91417920915411,63.33447815964175,3.05634341796333,-0.025955997338891163,0.5301640443611847,0.9362673897827583,0.9366815473096028,0.935407690318925,0.07453960830166619,0.0871345029239766,7,6,0.2940845712600995,8.42688410460354,1.3284198993056087,3420.0,7174.822858813212,0.4569481735579952,0.00029231218941829873,0.2216006488750437,0.15905287118021452,2.713084692190673,0.0033923375760055666,6.3925198243798595,0.04019581657815853,0.0012810455712949746,0.04018043184523762,0.05261619409529377,0.7670481134152806,25421895.92288485,0.09668981677713599,0.0,25169860.493716538,17362.175320366805,34943.72257260615,68175.98621790376,131553.5450574339,135.6751911905532,338.2431917860589,8.836516730453145,252035.4291683106,3.4724248517679808,11.171621565308232,2.791433349156267,0.2116699401790093,1.2439576437737798,0.13280448338489492,0.10918332647245799,824619.8678947422,329.0,125.29329072970465,47.83290292720617,41.31097794620899,63.20271751527535
AL1_SLX_L1_20240416_v1.0,HLS_20240127_205458_11094sec_lev1_V111,43.31685196021065,42.0,99.0,10.410248491149552,44.550229375282534,1.1832139584048338,2.339390236401087,6783783.0,147999.5,17.5,16.0,447,52.313199105145415,29.184675521706936,11.174738655851678,89.26273865585168,26.778390258852887,39.608426756976186,0.8291916987810557,-0.8750914727636196,5363821.120486433,99724.01687006018,14.473258741258777,14.588526806526843,383,71.88549889728284,63.32874050470609,3.05854826412101,-0.0067139073916476074,0.404940611357459,0.6005714549335507,0.6090253817883313,0.5902600173258628,0.307489760093622,0.13081650570676032,6,6,0.5954931052219498,6.222362443198953,0.9555295494441219,3417.0,1984.7229373902867,0.24032790981006755,0.0002925687536571094,0.24356670424495733,0.14603414135155945,5.4058598877027935,0.0011114331711075186,0.93549220962345,0.015064741164190563,0.0005549552689787754,0.015058106018363547,0.363662960795787,0.8186377752475696,7233943.732669735,0.16714154641887946,0.0,7095969.864142669,9521.318917036835,15853.57194046842,38748.842596312454,73850.13507324827,36.808515771128654,179.59512374609665,6.540258453422203,137973.868527066,3.3865819476802885,11.571939653104664,2.729511177140916,0.1583162255901276,1.2407283677906147,0.18130467730993718,0.138212998582235,206275.988674159,-74.0,50.55473515097862,14.14114837037444,26.913010816127745,30.402010269420554
AL1_SLX_L1_20240417_v1.0,HLS_20240128_192839_16271sec_lev1_V211,49.64389652384802,45.0,119.0,17.4203264603291,52.61163593783196,0.9524709427180533,0.27963403632491435,13695986.0,245628.0,18.5,22.0,597,60.93299832495812,28.36192658770662,11.00273865585168,89.45112096287703,26.507445011814216,38.820658428481266,0.8857870010616195,-0.7685786754045196,7459865.428063028,140343.1320638407,16.137328671328707,17.401468531468566,469,72.51534520473429,63.398529429900286,3.1539155383629445,0.003096168638039046,0.06444891412973133,0.8315048414355346,0.8335419572545978,0.8290312657703969,0.14995957962813258,0.12065481002425223,6,7,1.348035198619705,6.807047691265768,1.0679330774318676,4948.0,2767.984236054972,0.35090570402669125,0.0004041220283511168,0.2257978374893703,0.15700801329140018,3.1486254396756097,0.0019475972736046475,4.925274471764904,0.028921815080701945,0.0007897210528016067,0.028916999741448707,0.14992927251826432,0.777600712662121,13772244.782572282,0.15344384835157024,0.0,13535545.551719509,15396.811181770427,31436.549059424,63352.60589888634,126513.26471269218,64.41341278928633,207.29203042682232,7.127784513106243,236699.23085277295,3.578744135276896,11.939062528331364,2.9308744764132615,0.140612516898821,1.221049950817574,-0.15442809275887193,-0.1484608354488814,340542.9739835747,2877.0,-71.31861642262456,21.294656445992082,33.89109741627192,40.02585261093216
AL1_SLX_L1_20240418_v1.0,HLS_20240128_192945_16205sec_lev1_V111,137.89235759172917,112.0,326.0,61.430992537049306,150.95717646502374,1.0173403704668291,-0.09579740546708448,112413545.0,680207.0,45.5,40.0,299,182.55852842809364,28.324098606462112,11.00273865585168,89.45112096287703,26.504726476830545,38.791172803618494,0.8901708996825689,-0.7609524709621396,7425966.356714742,139753.80388423466,16.137328671328707,17.401468531468566,468,72.54240632983876,63.405363894494094,3.158127720345842,0.035930836296263056,0.6940312555808531,0.962088043197101,0.9623059333909194,0.9615171410832745,0.08980336509223596,0.06061220352726535,6,8,4.512367497230663,11.216730551355143,1.7643020987841627,4933.0,22788.069126292317,0.445499617309712,0.00020267530581801,0.19793705394318714,0.16306323000495931,2.207267182950247,0.005405174296293413,19.5179690547466,0.04865717207435405,0.0014236157013675973,0.04865398224959879,0.00081070122327204,0.6929092221895541,113735330.78064673,0.061207478477835156,0.0,113072169.89295146,45668.059297888285,86907.34829864107,173353.66219235767,357231.8179063851,241.03761417706022,600.0853705002152,11.946239032686297,663160.8876952721,3.6838480651739562,11.758330893425203,3.0022380399016795,0.19496237251567633,1.227033971395086,-0.3177889904059875,-0.3460028826897076,1769259.6421062609,3290.0,-517.5902447774995,109.56116660336937,74.23876600607097,132.34441282349408
AL1_SLX_L1_20240419_v1.0,HLS_20240129_191227_17241sec_lev1_V211,56.74812623274162,55.0,110.0,12.207277529986957,58.04625272678075,0.6838199853112673,0.3961540228749012,17082693.0,287642.5,21.5,21.5,669,67.07174887892377,39.40359333638724,39.38273865585168,89.26273865585168,28.077105112815875,48.383540582883064,0.17017668551066734,-1.4582928636991497,11871043.653630283,199796.28526351263,17.52255011655016,22.931500215309377,656,74.95882085024195,64.84082868550757,2.2653451398155107,0.0008074516809159779,0.009371953067601765,0.6219225088071018,0.6176109758775041,0.6204763140158538,0.285207100591716,0.13197869402248966,6,6,1.110813979738639,7.217638203237145,1.15926102168706,5069.0,3369.367455621302,0.2151133145774917,0.0,0.23324118279501727,0.15279557573889263,4.941434350238149,0.0009591330612504373,1.739474589487971,0.016122181182666635,0.00047192943063092827,0.01611284357004953,0.33925049309664695,0.8127368284678944,17669355.874572746,0.13929506499841104,0.0,17399853.35919945,18905.047738712175,36944.293154998595,74219.60603395093,139433.56844563517,40.44397675416474,232.09807203844056,7.515026706946055,269502.51537329686,3.555032828668274,12.176840562410327,2.903381363148985,0.12127038065862782,1.224445701067845,-0.026058806023166743,-0.005620318779574623,177963.2120652957,-994.0,-8.93408869294189,17.342863223498735,30.908695544529774,35.44181661615865
AL1_SLX_L1_20240420_v1.0,HLS_20240129_191320_17188sec_lev1_V111,60.20288423548005,51.0,195.0,29.161828065099286,66.89394207526585,2.319590982567727,5.014698007851596,22651435.0,304697.5,20.0,20.5,460,75.35217391304347,39.41571222460072,39.72673865585168,89.26273865585168,28.076504026139222,48.393061987255464,0.16902654755331703,-1.458707264836158,11856981.214767398,199556.00244784635,25.236119827565226,22.931500215309377,656,74.93052875679311,64.81749331965392,2.264648629135761,0.009620201412423117,0.2323816643616375,0.932607057527444,0.9313013091107312,0.9319623046146135,0.1185302252074279,0.09089112823552657,6,6,3.0819817243324943,7.237343580819175,1.1688307412329566,5061.0,4474.799486369024,0.4843925409127328,0.00019755037534571315,0.21351979736413523,0.15895956203021466,2.8350185233199223,0.002868058575175967,8.634514482241952,0.03464112663610846,0.0009883032093361546,0.034633826667948425,0.0015804030027657052,0.7420621226416745,22860690.876275413,0.11393553927151255,0.0,22585713.288270146,18554.000598814568,39274.71466658887,73271.90969410635,143876.96304575662,112.0519228271232,264.8432871223249,7.596226874757197,274977.5880052664,3.1235956509400564,11.636237027720508,2.4570043209705856,0.2564580835220796,1.271302465478021,-0.0907121418349204,-0.0634254399736595,397971.4550435092,3743.0,-74.28184938050724,20.780128676176385,42.27459288056405,47.105784687402085
AL1_SLX_L1_20240421_v1.0,HLS_20240129_235957_43196sec_lev1_V311,78.24691013846297,64.0,282.0,48.79759782371592,92.21596661957095,1.3353827222227266,1.1262252856310875,91509225.0,841966.5,34.0,35.5,507,124.70808678500987,41.16883075122747,43.85473865585168,89.45112096287703,28.03868331461242,49.81004303792898,0.0763870491414655,-1.45239967301933,26700956.64963291,443026.7978060541,17.102773892773936,33.637426573426616,1421,75.82786170912858,64.7868165518546,2.1727875028418193,0.0068978385713554,0.19282048866725257,0.9661076185339846,0.9661435631691104,0.9658166864627008,0.08549391320509246,0.04711895910780669,7,7,1.3588763404735724,8.269552638543962,1.3059369617775003,10760.0,8503.784499581823,0.6236360993343433,0.00027878449958182325,0.1933640052175399,0.16432355080609262,2.513743595858131,0.004119679167195073,35.50041632606529,0.03545642361855998,0.000855021146139904,0.03545490290413411,0.0006504971656909209,0.6688000400378633,91700639.55840912,0.08742680501021871,0.0,90890710.4549641,53120.63303388124,110286.84797657348,213268.63105373783,433252.99138082744,191.7683492050388,365.868366952677,8.949757277911486,809929.1034450199,3.5340717386540583,12.503351666369166,2.8537761644821713,0.16947052191390877,1.2383843493539477,0.028168789948274667,0.04929409836751332,2099056.647586858,985.0,38.545719502835034,37.07978349539503,55.590744236688316,66.82246021252334
AL1_SLX_L1_20240503_v1.0,HLS_20240130_120004_31958sec_lev1_V311,295.3407513113237,72.0,10645.0,1059.7611043848985,1100.145334831829,7.009185187650226,53.35534517598128,31381170679.0,7657541.0,230.0,232.5,2,6387.5,21.04762518781872,10.142738655851678,89.26273865585168,22.508148080723323,30.81589291373317,1.685087643695329,1.3972828780248863,24622677.690656405,545710.2527562957,18.191505827505868,17.00955710955715,1558,67.98169949920599,58.432039991664816,4.240988608420885,-0.014557157776450443,0.010570463130873745,0.9997089339667765,0.9993636103333998,0.9982444777717773,0.008793582227707498,7.713966135688665e-05,29,9,0.00567669645543879,15.112588501809583,2.400766799794883,25927.0,1210319.757752237,3.588265756349304,7.71366862079605e-05,0.04492094645668859,0.11220914892554018,3.6851863435020076,0.01113047010920022,4645.728602702906,0.027430820519005698,0.0009233375372432074,0.027430721882306972,0.0010799136069114472,0.16487107361618292,31381387260.35554,0.00367662242576656,0.0,31373765420.986427,691204.6919442997,966149.4255032988,1992316.8577417363,3972168.3939260487,4230.486733529109,4391.263986401945,17.698250273607798,7621839.369115384,0.9221290777882767,9.400688470106086,0.47337420033357835,0.8177496476974864,1.947991836349486,-0.08921103135728953,-0.2622246724398966,140133210.35416093,7392.0,-2127.9617342457213,274.29470230035884,1062.0056165316564,1096.8561953395833
AL1_SLX_L1_20240504_v1.0,HLS_20240131_000007_43183sec_lev1_V211,164.9518255047599,143.0,967.0,141.50649718380106,217.33198909176224,2.466270913186188,8.455904870629766,903004193.0,3153573.0,57.0,60.0,98,493.7551020408163,28.174370407095207,11.34673865585168,89.45112096287703,26.471823750990534,38.65944387261292,0.9343800440226108,-0.6836430267636224,28575845.72231923,538684.1634450045,19.110242424242468,29.71991608391601,1707,72.56638793650573,62.154045152910584,3.1749110865792542,-0.01749620272568941,0.4656881372319547,0.9918535657109707,0.9916214396941675,0.9911232251067452,0.04095616696307145,0.005126059211214562,7,7,0.12085004281701757,11.64537023918957,1.8498944273868476,19118.0,47233.19348258186,0.8578656025829656,5.230399065139424e-05,0.1877665404133477,0.16444875064411496,2.670056010417335,0.0028822999036826297,46.52502395891079,0.028025409944086397,0.0005390307232709059,0.028024077147211057,0.0004184319252111539,0.6580446799223054,911966583.0077866,0.036779215551700974,0.0,909014613.0009913,199695.216063884,400829.24138322775,795807.0122940545,1555638.5370541778,564.0630058442993,869.9893349719995,12.826524929316044,2951970.0067953444,3.1540589919382933,12.712027056443581,2.513692673381134,0.193999659038977,1.2547512372289376,0.2065534808373733,0.13397026675952647,17426071.006742164,-628.0,773.7977028946914,136.77555075288478,138.48238274710013,194.64049325633476
AL1_SLX_L1_20240510_v1.0,HLS_20240131_105830_35675sec_lev1_V111,332.7607204994371,287.0,889.0,134.10912287403858,358.7686635498542,1.337427416455088,1.7352141682164435,1257673815.0,3251098.0,55.0,75.5,198,481.76262626262627,37.934982834399825,34.38654530706837,89.26273865585168,28.180229541834215,47.25662133158353,0.2823267586611179,-1.4133237924726492,21822715.67356047,370679.75951909926,17.535580419580462,19.254979020979064,1170,75.63177682047056,64.71314143613513,2.3530454474044817,-0.02945723945309402,0.38385236610176243,0.9817821202999055,0.9811000273961464,0.9797260577482124,0.03612731552553475,0.020266120777891503,8,6,0.41970856349122276,17.577374326218983,2.818039157308431,9770.0,128714.95394534848,0.40301969136488097,0.00010234367004400778,0.19407575077447686,0.16471220505597803,1.6397643370029038,0.006343262794602798,50.05760012326318,0.05621808723261387,0.001120876615964604,0.056213936389116655,0.00020468734008801556,0.6735239290697581,1272351464.2895942,0.02812096435165204,0.0,1269323223.2922785,198574.92689036444,440354.53270221036,805698.2538729573,1583613.28385028,530.3926020878039,1434.3116665193725,18.15858493845068,3028240.997315812,3.514918319116493,12.812769833426598,2.8324873567365607,0.1702465186399189,1.240929923572966,-0.07627007748138874,-0.13140546398007624,4295012.661677033,-6013.0,-288.2783752982931,294.82365023855294,139.1255498189352,326.00138550688035
AL1_SLX_L1_20240517_v1.0,HLS_20240131_120006_31996sec_lev1_V111,101.52217050465458,74.0,500.0,78.05292161510002,128.05861812712607,2.3740327939357133,6.053799504166307,133881515.0,829150.5,40.5,41.5,146,223.84246575342465,37.9329184955379,34.38654530706837,89.26273865585168,28.17990333752362,47.25476968202571,0.28223598911787,-1.4134005440886892,21829937.60728787,370793.60247372265,27.94458741258722,19.254979020979064,1172,75.61805491233982,64.66581525620998,2.3531735019637834,0.010312983420111338,0.09833203703386352,0.9829676393869893,0.9825819452340039,0.9816248248733535,0.032459578637922586,0.014974358974358974,7,7,7.225422879822635,9.431805126781247,1.5067123176293118,9750.0,16399.009676629103,0.7688263679461173,0.0002051030791844119,0.13169964171188114,0.13878330244871634,2.2281219348252805,0.010358851619517478,111.24219534381534,0.05388348047802235,0.0015738754478381554,0.05388151551063087,0.0005127576979610298,0.5589239343224669,134011934.76899761,0.06379729714930904,0.0,133195997.86857331,65738.27640632357,113797.4538998979,208358.46811139875,428042.70200668566,310.5560180256684,508.0667070523954,10.31163820331483,815936.900424306,3.104865104807351,11.650668638010426,2.436170066586066,0.25754400140204703,1.2744861893645885,0.08219407100870521,0.10875171487507064,3590608.092125364,2128.0,180.29556375740245,63.50970663932569,80.75460718989247,102.73650480626175
AL1_SLX_L1_20240523_v1.0,HLS_20240131_205307_11208sec_lev1_V111,64.53357368183866,64.0,94.0,9.237301400365807,65.1913327775288,0.16003714362743943,-0.19224546803766085,9430550.0,143135.5,19.5,19.0,297,75.46801346801347,47.214726064737896,56.23873865585168,89.27912096287703,26.635745815604363,54.20971603432105,-0.2566701485385183,-1.201933693747501,6523899.153798229,104778.25512506225,15.931449883449918,15.355422646970645,298,78.5544051579386,66.2361610738255,1.8909168474357567,-0.006999340060073435,0.2355902048196719,0.27778351645746346,0.26350140952012496,0.26286980542320243,0.3961243803515097,0.1339044183949504,5,5,0.7717179664644434,7.666537078926983,1.2210187289051673,2218.0,4249.909869310501,0.14313946792885285,0.0004506534474988734,0.24168169392882033,0.14636976424425038,6.1770170794891825,0.001271041068556514,0.4622946639835944,0.011793751095933653,0.0005774596180691361,0.011753452522597008,0.41415051825146465,0.8422810377361849,9913133.95979639,0.12502671646591912,0.0,9779854.118100092,7466.928398673716,19567.484605827965,37933.510728439884,68311.91796335619,20.84033138570375,259.7061219532582,7.961305771171704,133279.84169629775,3.6236089117211807,11.057890511484743,2.9930275240234465,0.09172711084241728,1.2106834576816923,0.0034191730110072495,0.0031809772852535445,31199.452551507697,-523.0,0.8417889493635841,17.32446456734463,28.166603518423408,33.0680302756188
AL1_SLX_L1_20240528_v1.0,HLS_20240131_205338_11177sec_lev1_V111,84.07183908045977,124.0,170.0,63.66500879520591,105.45760983098549,-0.4887025867664629,-1.663838970217237,3870215.0,29809.0,33.5,20.0,10,156.1,47.18598991779457,56.23873865585168,89.27912096287703,26.638310012626068,54.18595025328046,-0.2552077949912907,-1.2034062080324313,6509371.843154633,104579.26690909472,15.931449883449918,15.355422646970645,298,78.48514341297216,66.2759865771812,1.89206841095027,0.08561771661664913,0.6633177633651072,0.977904782573773,0.9638881286128974,0.9367170302951676,0.0028735632183908046,0.004533091568449683,10,5,3.852137141109109,9.463914321974553,1.4590001991213404,2206.0,11121.307471264368,0.7572691342492961,0.00045200654432529883,0.019063848911160204,0.024312453395370144,1.8215789861588823,0.04117931692084686,0.0,0.1450367910021514,0.014235776100386987,0.14469261412161855,0.0013560196329758965,0.5083492993167988,4257826.712369015,0.08746068214706111,0.0,4221163.406473092,4777.669234001618,9907.416491890246,6501.345488876627,15476.874681153986,263.7190285525661,388.272888501718,10.293601516141491,36663.30589592247,2.5691069991894473,7.765484480742917,2.1342499338784515,0.354400226549616,1.203751706118484,0.0952068669777378,0.11067632250845028,68147.73973411249,7.0,158.05166018463723,35.386014512058345,66.43839061481683,75.27436330208701
AL1_SLX_L1_20240529_v1.0,HLS_20240131_205338_11177sec_lev1_V211,191.9638989169675,199.0,332.0,51.75149377809446,198.81739258844502,0.3600617412183522,-0.7030733483421145,87594836.0,425190.0,38.0,38.0,237,218.33333333333334,47.18598991779457,56.23873865585168,89.27912096287703,26.638310012626068,54.18595025328046,-0.2552077949912907,-1.2034062080324313,6509371.843154633,104579.26690909472,15.931449883449918,15.355422646970645,298,78.48514341297216,66.2759865771812,1.89206841095027,0.05407073215107469,0.44672154448546453,0.9283456473205666,0.9265881854428853,0.9247183602796657,0.06362815884476535,0.10699774266365689,6,7,1.734954599262755,13.3649335061275,2.0807330455344952,2215.0,39528.35559566787,0.2695897200987732,0.0009025270758122744,0.17553412336643548,0.16533750160417252,2.4056998901486217,0.010273204301331995,21.533722304831464,0.049826888944910726,0.0029069567759354505,0.049810889848878374,0.002256317689530686,0.6242133854473287,90706615.11618538,0.047587689425409946,0.0,90310230.0673879,21873.613152192782,57024.73899881539,100911.14697797628,216575.5496684992,203.3576326118851,789.1952691688776,13.74517830842965,396385.0487974837,3.793863954358904,10.917891909589574,3.1192655330236123,0.14353695009887393,1.2162683536214949,0.008524951111061602,0.003571506698069372,199502.82673435242,190.0,11.760219893995567,144.7778028388562,58.005405214895944,155.96550653587153
AL1_SLX_L1_20260330_v1.0,HLS_20240201_000008_43186sec_lev1_V211,1581.41653418124,24.0,9841.0,2913.602236641404,3315.1102919727414,1.6476548198426821,1.2417517564431808,158991697039.0,22877001.5,197.0,227.5,1,9841.0,31.28081884879663,12.89473865585168,89.45112096287703,27.33013075817131,41.538243524612014,0.6765503841728953,-1.1001587143616214,24963458.667491075,452507.6823657338,16.878853146853192,18.322610722610765,1605,72.37958486502319,62.38966390621065,2.8596157087594336,0.464108080818127,0.44254093748197,0.9998114292489558,0.9998025270541913,0.9997581130270833,0.0002073684938135066,6.912760956726116e-05,7,7,74451.09157570393,24.063213722047088,3.7213049617141776,14466.0,10989956.247943595,1.8424002618322741,6.912283127116886e-05,0.04753711002848508,0.11640920955254742,1.529759622500976,0.09188584477491496,18174.2959278638,0.2058048741193397,0.003561296431590362,0.20580451755378829,0.0002073684938135066,0.16675214853586637,159070006097.60886,0.00215274597343867,0.0,159048496487.54944,1511004.7728476333,2581917.766859677,5780110.980024212,11636576.53969202,11626.366453098059,13220.384546931138,39.79328765410382,21509610.059423544,1.6529555408791736,11.493704079086424,1.4482999021398824,0.5572893312149817,1.141307500219333,-0.2151380072711761,-0.26746700005756696,220423091.28612646,11023.0,-17132.667501041684,1550.1371908228564,2919.604068367254,3305.6033074763823
AL1_SLX_L1_20260331_v1.0,HLS_20240201_120005_31988sec_lev1_V111,17.327719298245615,17.0,48.0,5.641767667801212,18.2230458073353,0.8114634528915825,1.021851647445227,3312492.0,172828.0,12.5,12.5,1350,23.042962962962964,36.58640258740127,30.95473865585168,89.26273865585168,27.933034714347023,46.030634175951974,0.34468898388599817,-1.3914047924763728,21137341.16361981,364925.8434732591,19.64047552447557,17.756895104895143,1172,73.91164050602143,63.09654935956784,2.4397790529585928,-0.0004773416967890504,0.05935713193170324,0.46272357594571634,0.46481969190840955,0.45826053007436035,0.3579949874686717,0.13535191497894525,7,6,0.6972968209105423,3.9362739498354964,0.6146224535698235,9974.0,332.07939849624063,0.32559205113464795,0.00010025062656641604,0.24042807267271732,0.1496327977850536,7.003360012699662,0.0003407595135743678,0.8255887250966175,0.00492639512096426,0.00016769963435336608,0.0049211927149774935,0.38957393483709274,0.8245303730737062,3339312.16364514,0.35320646042888254,0.0,3180686.6127569466,10170.845644922541,20796.86680778413,42906.906661495814,84750.93177399083,15.9050943840159,71.05426735346731,4.113828416063602,158625.55088819333,3.09413486919405,12.998455225417125,2.7016563191930665,0.16581116012226843,1.1452733077900188,-0.058126564213196195,-0.06768947568855062,240243.43978560215,4146.0,-9.161634763555845,-19.258351225389386,28.818093697475742,34.66073594540295
AL1_SLX_L1_20260401_v1.0,HLS_20240201_120005_32030sec_lev1_V111,8.118637274549098,7.0,33.0,5.156192975315292,9.617619102168103,1.2853767622319856,1.3862320039502833,923136.0,81035.0,9.5,9.5,1284,12.261682242990654,36.589207591155564,30.95473865585168,89.26273865585168,27.932458549919193,46.03251408289178,0.3444233693152975,-1.3915263104635578,21153900.65791884,365233.42864385014,19.64047552447557,17.756895104895143,1171,73.93732222126287,63.13677186115584,2.4395920144886794,0.0011230358587440564,0.3938141479829312,0.6868813544371165,0.6847899942837322,0.6975018607661624,0.21533066132264528,0.1286444244063721,6,7,3.869040523648025,2.687208187454358,0.4271539388022364,9981.0,92.49859719438878,0.6351057204488376,0.0,0.2422122577367627,0.14993585434257178,4.964233926162498,0.0005266271819879978,1.742221348550752,0.011938194761766293,0.00025567748105312415,0.011937016095752859,0.3430174244892952,0.817035756545531,929576.8666304196,0.5483666693874845,0.0,852296.947657351,5028.656662449944,10256.03429723101,20053.951941401298,41941.276071986314,17.340273661370595,36.78114051886933,2.870742348259834,77279.91897306856,2.8513408701515917,12.3861308858271,2.843848117268444,0.21989598301116337,1.0026347232954003,0.09538219935444736,0.08773451842969722,252987.73232650463,2364.0,13.738228175055179,-28.468558633921685,27.91538229302489,39.87138572032285
AL1_SLX_L1_20260404_v1.0,HLS_20240201_120005_32030sec_lev1_V211,362.56070927669805,55.0,5348.0,899.3132785310768,969.6466577333912,3.8478403286779344,14.82645651041954,9385222545.0,3619057.5,151.0,151.5,1,5348.0,36.589207591155564,30.95473865585168,89.26273865585168,27.932458549919193,46.03251408289178,0.3444233693152975,-1.3915263104635578,21153900.65791884,365233.42864385014,19.64047552447557,17.756895104895143,1171,73.93732222126287,63.13677186115584,2.4395920144886794,0.005191355596339935,0.00027668997560311185,0.9995397890684605,0.9992781636405818,0.9985209900874709,0.007613704668403126,0.00010019036168720569,8,7,0.10391742808654744,15.484857078371519,2.4566881225366557,9981.0,940214.6408535363,2.4804488062845813,0.0002003606491685033,0.05508161350462315,0.12325077782089172,2.7105160588821535,0.028533011372914405,3012.661987923778,0.0672278221974194,0.002382355801025335,0.06722750764791299,0.0010018032458425166,0.19752254816153583,9385292147.756401,0.005241188458534739,0.0,9381908556.881199,208321.3547489813,475928.8578314751,971991.7738880389,1727348.8887331784,3581.4029996555128,3859.0048385893315,18.99394759900806,3383590.8752016732,1.7794877162881535,9.529518531352299,1.2964183040152544,0.5846010732154104,1.3726184756700373,-0.11287598642323976,0.022330421088984597,39767588.76651414,-608.0,-2835.872393296498,325.97183323543874,902.8930439635965,959.9341044575516
AL1_SLX_L1_20260405_v1.0,HLS_20240201_205408_11145sec_lev1_V111,9.98448905109489,8.0,47.0,7.154559078995968,12.283229918318607,2.0146772560364217,4.460819042297668,661448.0,43763.0,12.5,10.0,539,14.9443413729128,29.536831942667575,12.722738655851678,89.27912096287703,26.646467775207334,39.78012928717742,0.8433008329635757,-0.8342325132470307,6939081.338568454,129512.64932994146,27.29146853146848,15.874517482517525,440,72.3207758632146,62.021952797716835,3.022636995605085,-0.0012571781664506248,0.04945244103555467,0.8011719685806571,0.8032143324151492,0.7984784043462413,0.2575273722627737,0.12297513118868356,6,6,0.2183741209149484,2.950974138471752,0.46513519175471846,4383.0,150.87773722627736,0.7165673718888405,0.0004562043795620438,0.21358004143378168,0.15989800958741174,3.0572503563219264,0.0029222989676799937,7.55109963818309,0.027046727826322864,0.0010604833783406527,0.02703844359980155,0.002509124087591241,0.7441138417565467,666915.5727099676,0.4450706925485566,0.0,624666.0653867058,2872.606422907094,5902.440373874895,10948.275054185897,22526.18547229394,25.567163904014105,47.23293589778164,3.1982629475777453,42249.50732326182,3.0275729562009164,10.930732486561324,2.572648976433789,0.19627894049943626,1.176830956704301,0.06409118019006829,0.1280809176429333,231513.1023746283,769.0,12.221739315851147,-19.557551398253075,27.144558555987228,33.45631294531317
AL1_SLX_L1_20260406_v1.0,HLS_20240202_000008_43185sec_lev1_V111,6.7093367675466835,6.0,36.0,4.389400290592826,8.017607796058009,1.3967337066438297,2.9003146032467546,1996600.0,246919.0,10.5,10.5,3843,10.70752016653656,14.637620773458591,9.28273865585168,89.45112096287703,16.170572466314148,21.81163349673526,3.0539080043324867,8.385059418767051,33353695.62013922,1026149.3924469791,17.527160839160885,17.09716083916088,3235,53.835323719938195,45.17328146868031,6.111042385048853,-3.7363087333680484e-05,0.007648401415215474,0.6540440564712722,0.6582072846978007,0.6536902735642127,0.29159690920798453,0.05486942988906181,6,6,1.0560951698343262,2.387492283126596,0.3768992185446193,70039.0,64.28203477141017,0.6542226814168164,1.4277299850795112e-05,0.10382406921885641,0.06731351829203061,5.2391153041075516,0.00023865631678367716,5.0827124409082876,0.006032142418723246,0.0001059278878932471,0.006031817708803714,0.11079184684217007,0.799845827849492,2009065.2991746785,0.6186144367368921,0.0,1814497.3964706082,12994.304508540612,26436.542397500485,52564.16832087604,102572.88747715333,14.454949712019054,30.527778289427612,2.5840768800234324,194567.90270407044,2.742237665347408,13.987966725398486,2.6388222645925627,0.07900936019189325,1.0391899834037563,-0.13159775447898253,-0.08706992866484027,630788.7753708962,-10159.0,-10.916913665047078,-10.28595557221119,19.956485326811208,22.451329328855643
AL1_SLX_L1_20260407_v1.0,HLS_20240202_120007_32069sec_lev1_V111,4.984107198504207,5.0,21.0,2.6895970931079076,5.66350219293998,0.8730822890222101,1.1505816645715177,411718.0,63975.5,8.0,6.5,1723,8.149158444573418,29.94625904219215,12.37873865585168,89.26273865585168,26.845955352373277,40.21795307326934,0.7841677727010141,-0.9306814816621829,20765256.374844633,384407.250845007,22.41893706293694,17.21042424242428,1401,71.18352199759157,62.401484282853744,2.9807642594050505,0.00018114464890680633,0.0622954239184029,0.32075230553980255,0.322864053709639,0.32939079697071066,0.4180430040511063,0.13423184792770335,6,6,1.226032137373213,2.1073624645163824,0.33351357015271094,12836.0,32.07525708943596,0.5396346799914515,0.0001557996407152251,0.24242890016536153,0.14826831895429815,7.386171260273576,0.00025168304310548614,0.6980330835809981,0.004176500090340132,0.0001222265379189609,0.004176047891571078,0.39627638615917504,0.8277207578695703,413446.57231978583,0.8263353194835072,0.0,354308.9833877698,3753.312923591088,8118.325512299095,15713.573253819146,31552.37724230678,6.474237426185086,20.94042065155501,2.2145264269016005,59137.58893201611,2.3437277716689096,12.988621445530658,2.343727771668909,0.11396311795006975,1.0000000000000002,-0.02821584493972509,-0.01949137370401181,135138.7279273787,2352.0,-2.037534895607304,-24.965505461697656,27.056497622643203,36.81481395528372
AL1_SLX_L1_20260408_v1.0,HLS_20240202_205452_11101sec_lev1_V111,9.073187651751647,9.0,27.0,4.036065187902581,9.930385509379667,0.5635850765689198,0.13317169739994705,284300.0,26153.5,8.0,9.5,372,13.440860215053764,37.80841540448062,34.39473865585168,89.10712096287702,27.715132214582205,46.87861803711304,0.2593851630517129,-1.4223836782486672,6340089.931865623,109023.01770327074,16.988307692307735,24.842573426573423,381,73.78647904914313,64.3628041530368,2.356806547156088,-0.0006125429607198222,0.015953914288770594,0.42944202969719575,0.4147794141015042,0.4183318216472226,0.321193201526188,0.12903225806451613,6,5,0.7650053390945889,2.9015604839866738,0.45758931398889885,2883.0,98.61255636489767,0.444834312131017,0.0003467405962855444,0.23618725538263763,0.15009918568670622,5.19455859684907,0.0013443854578513855,1.1331321251051358,0.016231772537519652,0.0006718555369897599,0.016216924752462634,0.3665048102738204,0.824623894891191,299880.27922340756,0.5576780939377046,0.0,274528.9809462217,2061.108076293582,3420.616972923128,6004.819090407255,13864.754137561898,11.245099765415024,38.418254295994885,3.0511012626284435,25351.298277185862,2.7729608131602186,11.020652176412119,2.772960813160218,0.07119781899554029,1.0000000000000002,0.00905321320727003,0.0136498627523442,26317.052413883164,1014.0,1.0129447922371706,-28.719936512179984,27.968588244990134,40.088360925353996
AL1_SLX_L1_20260409_v1.0,HLS_20240203_000009_43182sec_lev1_V111,8.258295889034635,6.0,66.0,7.690995928232484,11.28498424274199,2.5560104933233916,8.92448549717462,4563109.0,338981.5,15.0,15.75,4032,13.276289682539682,13.805070327871464,9.11073865585168,89.45112096287703,14.974969410322638,20.36736791039961,3.345055161675545,10.413718749993816,32725083.44854156,1089020.5952864683,17.48646620046624,20.272344988345033,4257,52.04170903798376,44.68094083686412,6.479584590183617,-6.81685642759563e-05,0.04286316565987873,0.8598776617002707,0.8568743989919057,0.8550641767250827,0.1663085038095504,0.05111173085211571,6,8,2.0403032101983314,2.589305369762625,0.40883095929044944,78886.0,127.350869358935,0.9313054450427949,0.00011408550086014567,0.0973079685033162,0.0726437409720016,4.8935223182814065,0.00036199268758227616,11.374342431993062,0.005651129514752748,0.0001307270652773305,0.005650890152386012,0.0015718446785175626,0.7457661320307227,4592854.22717931,0.43174196289739347,0.0,4313198.127339675,19418.558816477343,38272.66346694009,74488.76606633079,147476.11148988764,28.694784681843213,43.822265731957685,2.8843998900403784,279656.0998396359,2.9945509079005435,13.442172084477821,2.304753036838868,0.19478090866590164,1.2992936162946909,-0.0551850554113996,0.01817208850944973,595408.8195905181,10982.0,-6.86526036144674,-6.545664117552546,18.289560120612887,19.425594666453026
AL1_SLX_L1_20260410_v1.0,HLS_20240223_000008_43179sec_lev1_V111,3.686402454804244,3.0,31.0,2.8519769230325194,4.660829907677043,1.6713609911146035,5.264496684493128,1175189.0,201378.0,8.5,9.0,7093,6.4322571549414915,15.160797192374199,9.28273865585168,89.27912096287703,16.882430720789657,22.69066412757819,2.8460859780318137,7.040106396872325,28814489.040482298,848435.9221325661,17.53658275058279,18.102298368298413,3261,57.99323083016946,50.57494471232228,5.888814409296627,1.5198555759677603e-05,0.007662439149181312,0.5459800857069602,0.550064095985028,0.5492773565271701,0.326888239860993,0.1267444561585333,6,6,1.1020276385594752,1.7771443437601253,0.279271958818686,55963.0,21.723335428296796,0.7736477386823912,0.0,0.22819387004402444,0.14702084321347494,7.127314765840145,9.253871958495323e-05,1.7976345577958115,0.0022699326138201875,4.5324927905674445e-05,0.002269822403201986,0.32483362153028145,0.8105929890281177,1175537.263455787,0.8867357532642464,0.0,989773.3196448006,12050.023106349738,24254.906374204955,49214.4103386125,100244.6039918194,8.670041935117029,17.094652349674874,1.913431371854778,185763.9438109866,2.2895122614664816,14.540598853207742,2.2895122614664816,0.12037786503960449,1.0,-0.0987833470098455,-0.016680530896803658,279941.48976927105,-24634.0,-4.824760050257124,-11.652449218099502,17.6368559841741,21.13854918831672
AL1_SLX_L1_20260411_v1.0,HLS_20240223_120003_24087sec_lev1_V111,2.8865770020772166,2.0,90.0,4.6410642749876265,5.465510442171666,8.434574857483005,100.26534349716471,2574143.0,249041.5,15.5,14.5,8960,5.9078125,10.782994039040098,9.28273865585168,89.26273865585168,7.635005194780606,13.21235273410081,6.873097312341056,52.96747445768302,15082525.276154017,931638.4782344087,17.38342657342662,16.554498834498872,8199,19.84604293194954,12.263033887583589,8.278103310886912,1.180737195860327e-05,0.004024117360579275,0.8659914924591247,0.8643790198622107,0.8615066150879541,0.3684564770867905,0.10370610430797009,6,6,1.6331330804002058,1.5192653856357397,0.24060789975345642,86398.0,29.87180439348752,1.607808927892053,2.3148415366954928e-05,0.23149621146349916,0.15233025257634436,5.654940810446959,0.0001153291022412455,4.599104894803944,0.0028433372392164162,4.6238572254434e-05,0.002843280829706636,0.16232826276077145,0.7912317684232998,2574431.9218531987,0.5928093725359269,0.0,2338913.4834548426,16293.84464944552,31896.698041504635,63569.60211521048,123758.29359219488,17.33753941024397,20.827259921401406,1.7071979361217233,235518.43839835553,1.6152199402506797,12.429450738060025,1.0234424393637418,0.16595251091051397,1.57822255373232,-0.017097910868627445,-0.03877812226454035,1044752.6514703676,36970.0,-0.606257109851237,-7.897187179028979,9.006719175219326,11.978587380901104
AL1_SLX_L1_20260412_v1.0,HLS_20240223_184138_19092sec_lev1_V111,4.152241272464367,2.0,115.0,9.053061884600947,9.959871338083184,6.196432067984152,45.17787966637038,6242893.0,261552.0,21.0,23.5,3043,12.071311206046664,12.36780517680445,9.28273865585168,89.26273865585168,11.706334745990144,17.029412147122613,4.457830108830229,20.29410892604088,18293835.39082601,780159.7474245225,17.797990675990714,16.240368298368338,4346,34.108477821414546,26.59554853609719,7.217346762808166,-8.684542814725237e-05,0.030506749872077223,0.9496014009557762,0.9505311097717972,0.9471775651585593,0.13825814755374763,0.04824032974001268,7,6,0.047120210722506876,1.6803918456932028,0.26290870678552886,63080.0,99.19903707117093,2.1802831990126452,0.000317052666482349,0.1773564795336486,0.16536090983850354,5.0816097877551085,0.0004969194516642601,29.385729635951666,0.004122905538465615,0.0001215805863757249,0.004122745124934765,0.0016962317656805672,0.6326347914774239,6243155.921968065,0.2984580035932805,0.0,6002347.473198473,16278.422014713604,29497.59294112167,65754.41735305687,129278.01646069909,35.334794793466955,39.03620374267811,2.019944473750071,240808.44876959122,1.6230676845186274,11.607084049798747,0.9620970704797445,0.41861656736296254,1.6870103176899744,0.08286843944868386,0.018427834353063808,807326.9648264758,-35254.0,8.788418848783445,-8.218696143696732,14.19887317288377,16.40594299886642
AL1_SLX_L1_20260413_v1.0,HLS_20240223_184146_19084sec_lev1_V111,2.648576017300873,2.0,41.0,3.081255070480537,4.063137670419669,3.76448279224902,21.143293332231856,1038207.0,166829.0,11.0,11.0,7943,5.055772378194637,12.367833959454419,9.28273865585168,89.26273865585168,11.706905828279654,17.02982562802221,4.457661343159638,20.292101065490233,18292693.660082113,780074.7302539317,17.797990675990714,16.240368298368338,4344,34.1163083612462,26.60347742584677,7.217329966466441,1.953817643054075e-05,0.013329428015823316,0.7189466235937575,0.7207294796549096,0.7215082201005267,0.3499610412326872,0.12593344220189304,6,7,3.0220626975763962,1.4766145834295321,0.2329210628024379,63073.0,16.509087728783374,1.1633628977810504,6.341757001964842e-05,0.23187265180111205,0.15315991041685695,5.433927641311612,0.0001512557216157739,4.409294076597909,0.0034932497585064954,6.163535661530329e-05,0.0034931686890758836,0.17704600110235347,0.7919427086338056,1038454.9547585677,0.855589158433678,0.0,882349.5785306436,10160.14404040595,20464.17393142481,41392.25740882315,84088.8008472702,10.585146740008526,14.970545787688097,1.626890878952275,156105.37622792413,2.0462303188600868,13.618974195783593,1.683367651558597,0.16881725205471995,1.2155575859887306,-0.03347014034032024,0.00937041131131346,368049.65480630647,-11118.0,-1.2084884668335651,-9.72502694141905,12.215590503557051,15.613993735169728
AL1_SLX_L1_20260414_v1.0,HLS_20240224_000006_43184sec_lev1_V111,2.89331772939527,2.0,24.0,2.3513862415695423,3.7283112450914744,1.837641045214362,6.061703166803138,1199638.0,249874.0,7.0,8.0,11158,5.407510306506542,13.104071639014588,10.31473865585168,89.26273865585168,10.715516852863512,16.927462743849958,4.504826603720784,22.270602083802423,24756969.163198613,1132186.0328722042,31.18853146853146,18.256456876456923,8334,28.574404805252637,20.628262677670048,6.811832315544647,-1.8274498951724827e-07,3.755793515103139e-06,0.47042117122177346,0.472791360931794,0.469498618308294,0.4073670671934927,0.129146508021019,6,7,0.7855768186006081,1.5974101207939604,0.25192723481311424,86398.0,13.90030474027554,0.8126954802371475,6.944524731479525e-05,0.24053144516130182,0.14876171343655875,8.226853712361052,4.6600104196642546e-05,1.1239052721574465,0.001546533621401216,2.3299710570221696e-05,0.0015463774757682508,0.37059456229540483,0.8233887724997082,1200364.7174595126,1.0376917878696093,0.0,963900.2695987961,15533.719477853167,31456.747541299814,62349.76803935712,127124.21280220646,6.677276034008408,13.360391084309732,1.7093294342188736,236464.4478607166,2.0770616414540375,15.116357992253892,2.0770616414540375,0.15103236216746152,1.0,0.0024675749627018164,-0.010070405101440638,297934.06857603334,11392.0,0.06216395099974484,-10.210507267819633,10.963025856948276,14.981401623556923
AL1_SLX_L1_20260418_v1.0,HLS_20240224_120000_23801sec_lev1_V111,4.5955123819948005,3.0,74.0,6.656949587387627,8.08911069661479,4.950616624585716,29.25901064229209,4782550.0,336102.0,14.0,14.5,6859,9.03163726490742,12.076355225776812,9.11073865585168,89.45112096287703,11.775826910432253,16.867378425932326,4.489324786322215,20.39808642916263,20814638.56513751,883496.6935791757,17.374205128205165,33.4389650349649,4464,37.83518063481539,30.48884030070825,7.407128996333666,-1.667898463214529e-05,0.002799702053138593,0.8941377729821238,0.8943543091546073,0.8933310807834239,0.2656724586126693,0.09375598020722273,6,6,0.14587830743863117,1.8949225812179993,0.29797158241114396,73158.0,65.43371186208783,1.448576139946773,2.7337716127772472e-05,0.22519515559971964,0.15589129969743293,4.139166507829528,0.0003003919183092226,12.26119345121045,0.005206748482724762,8.643399321943617e-05,0.005206738568361754,0.0003143837354693834,0.7725587003748842,4782801.286660427,0.46663214841564826,0.0,4460860.779824998,21617.602451802617,43786.328413266085,85656.80423897566,170879.77173138515,25.257631303264226,31.229228443683976,2.1672676172910648,321940.5068354295,2.254394017283173,12.977797441650267,1.5860251019494898,0.3367954725724554,1.4214113096395173,0.020519342373472714,0.024007899990591244,1243304.7182755317,2547.0,1.608776883508312,-7.481818403101571,13.409165998882642,15.355238174726555
AL1_SLX_L1_20260419_v1.0,HLS_20240224_183640_19393sec_lev1_V111,2.3380749945498147,2.0,12.0,1.6078670909387383,2.837574891040396,0.7843106075293185,0.8136801997217908,147735.0,42907.0,5.0,5.5,2573,4.452778857364944,16.689544049564446,9.79873865585168,89.26273865585168,18.00940733636867,24.553607335574984,2.483275585877638,5.027393900137067,11067061.426461518,306361.5373791986,18.565976689976736,18.025118881118885,1102,57.509035538978345,49.374955325775495,5.348422844312586,-5.59606270323466e-05,0.034001587849123445,0.08671946952409257,0.07392115581282938,0.07275344126272648,0.45449095269239154,0.14017978752383548,5,6,0.7084918643244555,1.469271018498578,0.23183034415866388,18355.0,8.051831262262917,0.6876884166191279,0.0002179123940391037,0.24634933162021994,0.14513240322831547,8.56522318163218,0.0001439137333738641,0.3230788833589971,0.0013341851487338873,6.169442827954172e-05,0.0013320035007481498,0.41762910317594226,0.8398408910761428,149693.27898312965,1.2954562378012826,0.0,108822.2826113182,2780.8753362094208,5438.320335551236,11031.588032798432,21620.21266725237,2.478892619289954,9.715032593489173,1.5405557160128263,40870.99637181146,1.8276821133797787,13.275439534802109,1.8276821133797783,0.18563369802791774,1.0000000000000002,0.023593341215807175,0.00974399657129212,38851.124523717255,-15866.0,0.682856689188402,-14.34539801097328,18.03358930031167,23.043454323203193
